use studentdata;

-- insert record into student table
INSERT INTO Students (FirstName, LastName, DateOfBirth, Email, Phone, Address, EnrollmentDate) VALUES
('Nitara', 'Mani', '2001-09-08', 'nitara.mani1@example.com', '5577630838', '045, Goyal Ganj, Durg-296365', '2022-02-07'),
('Riaan', 'Kashyap', '2003-12-31', 'riaan.kashyap2@example.com', '0106966214', '14, Barad Nagar, Nandyal-930406', '2024-09-04'),
('Stuvan', 'Badami', '2005-08-21', 'stuvan.badami3@example.com', '9238407471', '27, Zachariah Ganj, Gaya-951000', '2021-12-11'),
('Hiran', 'Tandon', '2006-04-29', 'hiran.tandon4@example.com', '6479251459', 'H.No. 16, Sidhu, Machilipatnam 089734', '2023-05-31'),
('Advik', 'Edwin', '1999-11-15', 'advik.edwin5@example.com', '+916110003', 'H.No. 60, Yogi Path, Bijapur-939916', '2022-04-22'),
('Gatik', 'Sharma', '2004-08-15', 'gatik.sharma6@example.com', '+911149340', 'H.No. 098, Chawla Ganj, Saharsa-863348', '2023-07-13'),
('Shanaya', 'Chaudry', '2006-04-20', 'shanaya.chaudry7@example.com', '0111292812', 'H.No. 89, Sarna Path, Sultan Pur Majra-833032', '2024-01-30'),
('Kiaan', 'Bajwa', '2001-01-11', 'kiaan.bajwa8@example.com', '7054336083', '77, Purohit Marg, Aligarh-829151', '2022-06-27'),
('Anvi', 'Nambiar', '2002-03-14', 'anvi.nambiar9@example.com', '9285746345', 'H.No. 11, Choksi Path, Bhopal-259014', '2021-09-18'),
('Darsh', 'Rai', '2000-10-20', 'darsh.rai10@example.com', '9901287564', '09, Pothen Nagar, Kharagpur-996412', '2023-08-02'),
('Prisha', 'Iyer', '2001-07-05', 'prisha.iyer11@example.com', '9823456710', '12, Shastri Nagar, Pune-411005', '2022-03-12'),
('Arnav', 'Mehta', '2002-11-18', 'arnav.mehta12@example.com', '9876543201', '45, Patel Colony, Ahmedabad-380009', '2021-07-24'),
('Kiara', 'Singh', '2004-01-21', 'kiara.singh13@example.com', '9123456780', '78, Civil Lines, Lucknow-226001', '2023-06-15'),
('Vivaan', 'Verma', '2003-05-09', 'vivaan.verma14@example.com', '9797979797', '34, Nehru Road, Jaipur-302001', '2022-09-28'),
('Aadhya', 'Kapoor', '2000-08-14', 'aadhya.kapoor15@example.com', '9001122334', '56, Green Park, Delhi-110016', '2024-01-19'),
('Vihaan', 'Sharma', '2001-03-03', 'vihaan.sharma16@example.com', '8800554321', '23, Model Town, Ludhiana-141002', '2023-02-22'),
('Myra', 'Chopra', '2002-12-29', 'myra.chopra17@example.com', '9700012345', '67, Residency Road, Bangalore-560025', '2021-11-08'),
('Kabir', 'Gupta', '2005-04-11', 'kabir.gupta18@example.com', '7509876543', '89, Park Street, Kolkata-700016', '2022-10-30'),
('Anaya', 'Joshi', '2003-06-17', 'anaya.joshi19@example.com', '9401234567', '101, MG Road, Indore-452001', '2023-04-05'),
('Aryan', 'Reddy', '2000-02-22', 'aryan.reddy20@example.com', '9605678912', '202, Jubilee Hills, Hyderabad-500033', '2021-08-14'),
('Ishita', 'Pillai', '2002-07-28', 'ishita.pillai21@example.com', '9812345670', '12, MG Road, Kochi-682016', '2021-10-12'),
('Rudra', 'Shetty', '2001-09-15', 'rudra.shetty22@example.com', '9876501234', '56, Brigade Road, Bangalore-560001', '2022-07-19'),
('Meera', 'Menon', '2003-12-01', 'meera.menon23@example.com', '9123098765', '89, Marine Drive, Mumbai-400002', '2024-02-04'),
('Devansh', 'Kulkarni', '2000-04-10', 'devansh.kulkarni24@example.com', '9798998899', '34, FC Road, Pune-411004', '2023-01-17'),
('Saanvi', 'Patel', '2005-11-23', 'saanvi.patel25@example.com', '9000088888', '78, Ellis Bridge, Ahmedabad-380006', '2022-09-01'),
('Krishna', 'Das', '2002-08-06', 'krishna.das26@example.com', '8888777766', '23, Park Street, Kolkata-700017', '2023-05-14'),
('Aaradhya', 'Mukherjee', '2004-05-19', 'aaradhya.mukherjee27@example.com', '7001234567', '67, Salt Lake City, Kolkata-700091', '2021-12-25'),
('Rohan', 'Naidu', '2001-01-30', 'rohan.naidu28@example.com', '9900090009', '89, Anna Salai, Chennai-600002', '2024-03-10'),
('Navya', 'Chawla', '2003-02-08', 'navya.chawla29@example.com', '8501234560', '101, Rajouri Garden, Delhi-110027', '2022-08-05'),
('Arush', 'Bansal', '2000-06-21', 'arush.bansal30@example.com', '9409080706', '202, Shastri Nagar, Jaipur-302016', '2021-07-22'),
('Tanvi', 'Rao', '2002-03-12', 'tanvi.rao31@example.com', '9811122233', '12, Residency Road, Bangalore-560025', '2022-05-17'),
('Shaurya', 'Iyer', '2001-07-19', 'shaurya.iyer32@example.com', '9876543210', '45, Park Street, Kolkata-700016', '2021-09-03'),
('Diya', 'Shah', '2003-10-08', 'diya.shah33@example.com', '9123456789', '78, Nehru Marg, Jaipur-302001', '2023-06-11'),
('Ayaan', 'Chatterjee', '2000-12-22', 'ayaan.chatterjee34@example.com', '9798989898', '34, Salt Lake City, Kolkata-700091', '2022-11-25'),
('Sofia', 'Gupta', '2004-04-14', 'sofia.gupta35@example.com', '9001122334', '56, MG Road, Kochi-682016', '2023-03-02'),
('Kian', 'Reddy', '2002-09-30', 'kian.reddy36@example.com', '8800554321', '23, Jubilee Hills, Hyderabad-500033', '2021-12-15'),
('Aarvi', 'Kapoor', '2001-11-05', 'aarvi.kapoor37@example.com', '9700012345', '67, Green Park, Delhi-110016', '2022-06-09'),
('Reyansh', 'Desai', '2003-01-18', 'reyansh.desai38@example.com', '7509876543', '89, Ellis Bridge, Ahmedabad-380006', '2023-07-20'),
('Ira', 'Menon', '2000-05-25', 'ira.menon39@example.com', '0111292812', '101, FC Road, Pune-411004', '2022-10-14'),
('Atharv', 'Joshi', '2004-08-02', 'atharv.joshi40@example.com', '7054336083', '202, Shastri Nagar, Jaipur-302016', '2023-01-29'),
('Pranav', 'Bhat', '2001-02-14', 'pranav.bhat41@example.com', '9812233445', '12, MG Road, Kochi-682016', '2022-03-21'),
('Anika', 'Sharma', '2003-07-19', 'anika.sharma42@example.com', '9876678890', '45, Brigade Road, Bangalore-560001', '2021-11-08'),
('Darsh', 'Mehra', '2002-10-25', 'darsh.mehra43@example.com', '9123456701', '78, Nehru Marg, Jaipur-302001', '2023-05-12'),
('Mira', 'Verma', '2000-03-30', 'mira.verma44@example.com', '9798981234', '34, Salt Lake City, Kolkata-700091', '2022-12-01'),
('Yuvraj', 'Khandelwal', '2004-06-15', 'yuvraj.khandelwal45@example.com', '9001102233', '56, Ellis Bridge, Ahmedabad-380006', '2023-04-18'),
('Anaya', 'Rao', '2001-11-28', 'anaya.rao46@example.com', '8800556677', '23, Park Street, Kolkata-700017', '2022-08-09'),
('Vihaan', 'Kapoor', '2003-01-17', 'vihaan.kapoor47@example.com', '9700011122', '67, Green Park, Delhi-110016', '2021-10-26'),
('Myra', 'Bansal', '2000-04-20', 'myra.bansal48@example.com', '7509871122', '89, FC Road, Pune-411004', '2023-02-07'),
('Kabir', 'Chopra', '2004-09-05', 'kabir.chopra49@example.com', '0111234567', '101, Jubilee Hills, Hyderabad-500033', '2022-06-19'),
('Isha', 'Reddy', '2002-12-22', 'isha.reddy50@example.com', '7054331122', '202, Shastri Nagar, Jaipur-302016', '2023-03-30'),
('Aarav', 'Shah', '2001-05-10', 'aarav.shah51@example.com', '9810012345', '12, Nehru Marg, Jaipur-302001', '2022-04-15'),
('Anvi', 'Singh', '2003-08-18', 'anvi.singh52@example.com', '9876654321', '45, Park Street, Kolkata-700016', '2021-09-20'),
('Rohan', 'Kapoor', '2002-03-25', 'rohan.kapoor53@example.com', '9123456780', '78, Ellis Bridge, Ahmedabad-380006', '2023-05-30'),
('Kiara', 'Reddy', '2000-11-12', 'kiara.reddy54@example.com', '9798123456', '34, Jubilee Hills, Hyderabad-500033', '2022-08-14'),
('Vivaan', 'Gupta', '2004-02-28', 'vivaan.gupta55@example.com', '9001123456', '56, Green Park, Delhi-110016', '2023-01-22');

-- insert record into instrctor table
INSERT INTO Instructors (FirstName, LastName, Email, Phone, HireDate, Department) VALUES
('Rohit', 'Sharma', 'rohit.sharma1@example.com', '9810011122', '2015-06-12', 'Computer Science'),
('Anjali', 'Verma', 'anjali.verma2@example.com', '9876541122', '2017-03-18', 'Mathematics'),
('Vikram', 'Kapoor', 'vikram.kapoor3@example.com', '9123456789', '2016-09-25', 'Physics'),
('Priya', 'Chopra', 'priya.chopra4@example.com', '9798981122', '2018-01-10', 'Chemistry'),
('Arjun', 'Reddy', 'arjun.reddy5@example.com', '9001123345', '2014-11-05', 'Biology'),
('Neha', 'Joshi', 'neha.joshi6@example.com', '8800556677', '2019-07-22', 'English'),
('Karan', 'Gupta', 'karan.gupta7@example.com', '9700012233', '2013-04-15', 'History'),
('Isha', 'Menon', 'isha.menon8@example.com', '7509871122', '2016-12-30', 'Geography'),
('Aditya', 'Nair', 'aditya.nair9@example.com', '0111234567', '2015-02-28', 'Economics'),
('Sakshi', 'Pillai', 'sakshi.pillai10@example.com', '7054331122', '2017-05-14', 'Political Science'),
('Raghav', 'Desai', 'raghav.desai11@example.com', '9811122233', '2018-08-19', 'Computer Science'),
('Ananya', 'Iyer', 'ananya.iyer12@example.com', '9876543345', '2019-03-06', 'Mathematics'),
('Dev', 'Kumar', 'dev.kumar13@example.com', '9123457789', '2014-10-25', 'Physics'),
('Sanya', 'Choudhary', 'sanya.choudhary14@example.com', '9798982233', '2016-07-12', 'Chemistry'),
('Aarav', 'Bhat', 'aarav.bhat15@example.com', '9001124455', '2013-01-18', 'Biology');

-- insert record into courses table
INSERT INTO Courses (CourseName, CourseCode, Credits, InstructorID) VALUES
('Introduction to Computer Science', 'CS101', 4, 1),
('Data Structures', 'CS102', 4, 1),
('Algorithms', 'CS201', 4, 11),
('Database Systems', 'CS301', 3, 1),
('Operating Systems', 'CS302', 3, 11),
('Computer Networks', 'CS303', 3, 1),
('Mathematics I', 'MATH101', 4, 2),
('Mathematics II', 'MATH102', 4, 12),
('Linear Algebra', 'MATH201', 3, 2),
('Calculus', 'MATH202', 3, 12),
('Physics I', 'PHY101', 4, 3),
('Physics II', 'PHY102', 4, 13),
('Chemistry I', 'CHEM101', 4, 4),
('Chemistry II', 'CHEM102', 4, 14),
('Biology I', 'BIO101', 3, 5),
('Biology II', 'BIO102', 3, 15),
('English Literature', 'ENG101', 3, 6),
('History of India', 'HIS101', 3, 7),
('Geography Basics', 'GEO101', 3, 8),
('Economics Principles', 'ECO101', 3, 9);


-- insert record into enrollments table
INSERT INTO Enrollments (StudentID, CourseID, EnrollmentDate) VALUES
(1, 1, '2023-07-01'),
(2, 2, '2023-07-02'),
(3, 3, '2023-07-03'),
(4, 4, '2023-07-04'),
(5, 5, '2023-07-05'),
(6, 6, '2023-07-06'),
(7, 7, '2023-07-07'),
(8, 8, '2023-07-08'),
(9, 9, '2023-07-09'),
(10, 10, '2023-07-10'),
(11, 11, '2023-07-11'),
(12, 12, '2023-07-12'),
(13, 13, '2023-07-13'),
(14, 14, '2023-07-14'),
(15, 15, '2023-07-15'),
(16, 16, '2023-07-16'),
(17, 17, '2023-07-17'),
(18, 18, '2023-07-18'),
(19, 19, '2023-07-19'),
(20, 20, '2023-07-20'),
(21, 1, '2023-07-21'),
(22, 2, '2023-07-22'),
(23, 3, '2023-07-23'),
(24, 4, '2023-07-24'),
(25, 5, '2023-07-25'),
(26, 6, '2023-07-26'),
(27, 7, '2023-07-27'),
(28, 8, '2023-07-28'),
(29, 9, '2023-07-29'),
(30, 10, '2023-07-30'),
(31, 11, '2023-07-31'),
(32, 12, '2023-08-01'),
(33, 13, '2023-08-02'),
(34, 14, '2023-08-03'),
(35, 15, '2023-08-04'),
(36, 16, '2023-08-05'),
(37, 17, '2023-08-06'),
(38, 18, '2023-08-07'),
(39, 19, '2023-08-08'),
(40, 20, '2023-08-09'),
(41, 1, '2023-08-10'),
(42, 2, '2023-08-11'),
(43, 3, '2023-08-12'),
(44, 4, '2023-08-13'),
(45, 5, '2023-08-14'),
(46, 6, '2023-08-15'),
(47, 7, '2023-08-16'),
(48, 8, '2023-08-17'),
(49, 9, '2023-08-18'),
(50, 10, '2023-08-19'),
(51, 11, '2023-08-20'),
(52, 12, '2023-08-21'),
(53, 13, '2023-08-22'),
(54, 14, '2023-08-23'),
(55, 15, '2023-08-24'),
(1, 2, '2023-08-30'),
(2, 3, '2023-08-31'),
(3, 4, '2023-09-01'),
(4, 5, '2023-09-02'),
(5, 6, '2023-09-03'),
(6, 7, '2023-09-04'),
(7, 8, '2023-09-05'),
(8, 9, '2023-09-06'),
(9, 10, '2023-09-07'),
(10, 11, '2023-09-08'),
(11, 12, '2023-09-09'),
(12, 13, '2023-09-10'),
(13, 14, '2023-09-11'),
(14, 15, '2023-09-12'),
(15, 16, '2023-09-13'),
(16, 17, '2023-09-14'),
(17, 18, '2023-09-15'),
(18, 19, '2023-09-16'),
(19, 20, '2023-09-17'),
(20, 1, '2023-09-18'),
(21, 2, '2023-09-19'),
(22, 3, '2023-09-20'),
(23, 4, '2023-09-21'),
(24, 5, '2023-09-22'),
(25, 6, '2023-09-23'),
(26, 7, '2023-09-24'),
(27, 8, '2023-09-25'),
(28, 9, '2023-09-26'),
(29, 10, '2023-09-27'),
(30, 11, '2023-09-28'),
(31, 12, '2023-09-29'),
(32, 13, '2023-09-30'),
(33, 14, '2023-10-01'),
(34, 15, '2023-10-02'),
(35, 16, '2023-10-03'),
(36, 17, '2023-10-04'),
(37, 18, '2023-10-05'),
(38, 19, '2023-10-06'),
(39, 20, '2023-10-07'),
(40, 1, '2023-10-08'),
(41, 2, '2023-10-09'),
(42, 3, '2023-10-10'),
(43, 4, '2023-10-11'),
(44, 5, '2023-10-12'),
(45, 6, '2023-10-13'),
(46, 7, '2023-10-14'),
(47, 8, '2023-10-15'),
(48, 9, '2023-10-16'),
(49, 10, '2023-10-17'),
(50, 11, '2023-10-18'),
(51, 12, '2023-10-19'),
(52, 13, '2023-10-20'),
(53, 14, '2023-10-21'),
(54, 15, '2023-10-22'),
(55, 16, '2023-10-23');

-- insert record into grades table
INSERT INTO Grades (EnrollmentID, Grade, GradeDate) VALUES
(121, 'A', '2023-09-01'),
(122, 'B+', '2023-09-02'),
(123, 'A-', '2023-09-03'),
(124, 'B', '2023-09-04'),
(125, 'C', '2023-09-05'),
(126, 'A+', '2023-09-06'),
(127, 'B+', '2023-09-07'),
(128, 'A', '2023-09-08'),
(129, 'B-', '2023-09-09'),
(130, 'A', '2023-09-10'),
(131, 'B+', '2023-09-11'),
(132, 'A-', '2023-09-12'),
(133, 'B', '2023-09-13'),
(134, 'A+', '2023-09-14'),
(135, 'C', '2023-09-15'),
(136, 'B', '2023-09-16'),
(137, 'A', '2023-09-17'),
(138, 'B+', '2023-09-18'),
(139, 'A-', '2023-09-19'),
(140, 'B', '2023-09-20'),
(141, 'A+', '2023-09-21'),
(142, 'B+', '2023-09-22'),
(143, 'A', '2023-09-23'),
(144, 'C', '2023-09-24'),
(145, 'B', '2023-09-25'),
(146, 'A-', '2023-09-26'),
(147, 'B+', '2023-09-27'),
(148, 'A', '2023-09-28'),
(149, 'B', '2023-09-29'),
(150, 'A+', '2023-09-30'),
(151, 'B+', '2023-10-01'),
(152, 'A-', '2023-10-02'),
(153, 'A', '2023-10-03'),
(154, 'B', '2023-10-04'),
(155, 'C', '2023-10-05'),
(156, 'A+', '2023-10-06'),
(157, 'B+', '2023-10-07'),
(158, 'A-', '2023-10-08'),
(159, 'B', '2023-10-09'),
(160, 'A', '2023-10-10'),
(161, 'B+', '2023-10-21'),
(162, 'A+', '2023-10-22'),
(163, 'B', '2023-10-23'),
(164, 'A-', '2023-10-24'),
(165, 'A', '2023-10-25'),
(166, 'B+', '2023-10-26'),
(167, 'C', '2023-10-27'),
(168, 'A', '2023-10-28'),
(169, 'B', '2023-10-29'),
(170, 'A+', '2023-10-30'),
(171, 'A-', '2023-10-31'),
(172, 'B+', '2023-11-01'),
(173, 'A', '2023-11-02'),
(174, 'B', '2023-11-03'),
(175, 'C', '2023-11-04'),
(176, 'A+', '2023-11-05'),
(177, 'B+', '2023-11-06'),
(178, 'A-', '2023-11-07'),
(179, 'B', '2023-11-08'),
(180, 'A', '2023-11-09'),
(181, 'B+', '2023-11-10'),
(182, 'A-', '2023-11-11'),
(183, 'C', '2023-11-12'),
(184, 'B', '2023-11-13'),
(185, 'A+', '2023-11-14'),
(186, 'B+', '2023-11-15'),
(187, 'A', '2023-11-16'),
(188, 'B', '2023-11-17'),
(189, 'A-', '2023-11-18'),
(190, 'C', '2023-11-19'),
(191, 'B+', '2023-11-20'),
(192, 'A+', '2023-11-21'),
(193, 'B', '2023-11-22'),
(194, 'A-', '2023-11-23'),
(195, 'A', '2023-11-24'),
(196, 'B+', '2023-11-25'),
(197, 'C', '2023-11-26'),
(198, 'A', '2023-11-27'),
(199, 'B', '2023-11-28'),
(200, 'A+', '2023-11-29'),
(201, 'A-', '2023-11-30'),
(202, 'B+', '2023-12-01'),
(203, 'A', '2023-12-02'),
(204, 'B', '2023-12-03'),
(205, 'C', '2023-12-04'),
(206, 'A+', '2023-12-05'),
(207, 'B+', '2023-12-06'),
(208, 'A-', '2023-12-07'),
(209, 'B', '2023-12-08'),
(210, 'A', '2023-12-09'),
(211, 'B+', '2023-12-10'),
(212, 'A-', '2023-12-11'),
(213, 'C', '2023-12-12'),
(214, 'B', '2023-12-13'),
(215, 'A+', '2023-12-14'),
(216, 'B+', '2023-11-15'),
(217, 'A', '2023-11-16'),
(218, 'B', '2023-11-17'),
(219, 'A-', '2023-11-18'),
(220, 'C', '2023-11-19'),
(221, 'B+', '2023-11-20'),
(222, 'A+', '2023-11-21'),
(223, 'B', '2023-11-22'),
(224, 'A-', '2023-11-23'),
(225, 'A', '2023-11-24'),
(226, 'B+', '2023-11-25'),
(227, 'C', '2023-11-26'),
(228, 'A', '2023-11-27'),
(229, 'B', '2023-11-28'),
(230, 'A', '2023-09-10');

-- insert record into lessons table
INSERT INTO Lessons (CourseID, LessonTitle, LessonDate, DurationMinutes) VALUES
(1, 'Introduction to Computer Science', '2023-07-01', 90),
(2, 'Basics of Physics', '2023-07-02', 75),
(3, 'Principles of Chemistry', '2023-07-03', 80),
(4, 'Introduction to Biology', '2023-07-04', 70),
(5, 'Mathematics Foundations', '2023-07-05', 100),
(6, 'World History Overview', '2023-07-06', 85),
(7, 'English Literature Basics', '2023-07-07', 60),
(8, 'Introduction to Economics', '2023-07-08', 95),
(9, 'Political Science Concepts', '2023-07-09', 90),
(10, 'Introduction to Sociology', '2023-07-10', 75),
(11, 'Introduction to Psychology', '2023-07-11', 80),
(12, 'Environmental Science Basics', '2023-07-12', 70),
(13, 'Introduction to Philosophy', '2023-07-13', 60),
(14, 'Introduction to Statistics', '2023-07-14', 100),
(15, 'Introduction to Business Studies', '2023-07-15', 85),
(16, 'Basics of Computer Networking', '2023-07-16', 90),
(17, 'Database Management Systems', '2023-07-17', 110),
(18, 'Introduction to Artificial Intelligence', '2023-07-18', 120),
(19, 'Basics of Programming in C', '2023-07-19', 95),
(20, 'Introduction to Data Science', '2023-07-20', 100);


-- insert record into attendance table
INSERT INTO Attendance (LessonID, StudentID, Status, Remarks) VALUES
(1, 1, 'Present', 'On time'),
(1, 2, 'Absent', 'Medical leave'),
(1, 3, 'Present', 'Participated actively'),
(1, 4, 'Late', 'Arrived 15 minutes late'),
(1, 5, 'Present', 'Good performance'),

(2, 1, 'Late', 'Arrived 10 minutes late'),
(2, 2, 'Present', 'Completed assignment'),
(2, 3, 'Absent', 'Family emergency'),
(2, 4, 'Present', 'Active in discussion'),
(2, 5, 'Present', 'Excellent understanding'),

(3, 1, 'Present', 'Answered questions well'),
(3, 2, 'Late', 'Arrived after 20 minutes'),
(3, 3, 'Absent', 'Not informed'),
(3, 4, 'Present', 'Good focus'),
(3, 5, 'Present', 'Submitted homework'),


(4, 1, 'Present', 'Active participation'),
(4, 2, 'Present', 'Well prepared'),
(4, 3, 'Late', 'Arrived 5 minutes late'),
(4, 4, 'Absent', 'Sick leave'),
(4, 5, 'Present', 'Excellent contribution'),

(5, 1, 'Present', 'Participated actively'),
(5, 2, 'Absent', 'Personal reason'),
(5, 3, 'Present', 'Submitted project work'),
(5, 4, 'Late', 'Arrived 12 minutes late'),
(5, 5, 'Present', 'Good discipline'),


(6, 1, 'Present', 'On time'),
(6, 2, 'Present', 'Excellent interaction'),
(6, 3, 'Absent', 'Medical leave'),
(6, 4, 'Present', 'Active in Q&A'),
(6, 5, 'Late', 'Came 8 minutes late');

